{"main":"american-flights-api.raml","name":"American Flights API","classifier":"raml","tags":[],"dependencies":[{"groupId":"68ef9520-24e9-4cf2-b2f5-620025690913","assetId":"training-american-flight-data-type","version":"1.0.1"},{"groupId":"68ef9520-24e9-4cf2-b2f5-620025690913","assetId":"training-american-flights-example","version":"1.0.1"}],"groupId":"b91a23d5-7a36-4122-9e33-f3467fa494d9","assetId":"american-flights-api","version":"1.0.1","apiVersion":"v1","originalFormatVersion":"1.0","metadata":{"projectId":"3e21f484-5ad4-49b3-a068-1a96348d7541","branchId":"master","commitId":"68868ef3c083e711f0fead019b99b22673af86e5"}}